{"cameraMode":{"drawMode":0,"name":"Shaded","section":"Shading Mode"},"sceneLighting":true,"audioPlay":false,"sceneViewState":{"showFog":true,"showMaterialUpdate":false,"showSkybox":true,"showFlares":true,"showImageEffects":true,"showParticleSystems":true},"in2DMode":false,"pivot":{"x":-0.14311814308166505,"y":-52.72104263305664,"z":-69.68527221679688},"rotation":{"x":-0.003509722650051117,"y":-0.9268366694450378,"z":0.37597930431365969,"w":-0.00805632770061493},"size":110.20393371582031,"orthographic":false}