{"cameraMode":{"drawMode":0,"name":"Shaded","section":"Shading Mode"},"sceneLighting":true,"audioPlay":false,"sceneViewState":{"showFog":true,"showMaterialUpdate":false,"showSkybox":true,"showFlares":true,"showImageEffects":true,"showParticleSystems":true},"in2DMode":false,"pivot":{"x":-15.068798065185547,"y":-211.56727600097657,"z":-268.8275451660156},"rotation":{"x":0.0040659224614501,"y":-0.949104368686676,"z":0.3154515326023102,"w":0.013110842555761338},"size":250.97671508789063,"orthographic":false}