{"cameraMode":{"drawMode":0,"name":"Shaded","section":"Shading Mode"},"sceneLighting":true,"audioPlay":false,"sceneViewState":{"showFog":true,"showMaterialUpdate":false,"showSkybox":false,"showFlares":true,"showImageEffects":true,"showParticleSystems":true},"in2DMode":false,"pivot":{"x":0.49961936473846438,"y":0.3004697561264038,"z":-0.14973974227905274},"rotation":{"x":-0.0012545899953693152,"y":-0.9751089215278626,"z":0.22239156067371369,"w":-0.0037987097166478636},"size":1.235917329788208,"orthographic":false}