{"cameraMode":{"drawMode":0,"name":"Shaded","section":"Shading Mode"},"sceneLighting":true,"audioPlay":false,"sceneViewState":{"showFog":true,"showMaterialUpdate":false,"showSkybox":true,"showFlares":true,"showImageEffects":true,"showParticleSystems":true},"in2DMode":false,"pivot":{"x":18.41378402709961,"y":-19.925067901611329,"z":-0.9409029483795166},"rotation":{"x":-0.2783251106739044,"y":-0.6446292996406555,"z":0.2721112072467804,"w":-0.6582471132278442},"size":15.466862678527832,"orthographic":false}