{"cameraMode":{"drawMode":0,"name":"Shaded","section":"Shading Mode"},"sceneLighting":true,"audioPlay":false,"sceneViewState":{"showFog":true,"showMaterialUpdate":false,"showSkybox":true,"showFlares":true,"showImageEffects":true,"showParticleSystems":true},"in2DMode":false,"pivot":{"x":10.443017959594727,"y":-460.5876770019531,"z":-468.23516845703127},"rotation":{"x":-0.002286864211782813,"y":-0.931097149848938,"z":0.3654496669769287,"w":-0.005088701844215393},"size":380.94427490234377,"orthographic":false}