{"cameraMode":{"drawMode":0,"name":"Shaded","section":"Shading Mode"},"sceneLighting":true,"audioPlay":false,"sceneViewState":{"showFog":true,"showMaterialUpdate":false,"showSkybox":true,"showFlares":true,"showImageEffects":true,"showParticleSystems":true},"in2DMode":false,"pivot":{"x":-5.10125207901001,"y":-69.70858764648438,"z":-64.99085998535156},"rotation":{"x":-0.0012071261880919338,"y":-0.9324015974998474,"z":0.36204826831817629,"w":-0.002517296001315117},"size":110.20393371582031,"orthographic":false}