{"cameraMode":{"drawMode":0,"name":"Shaded","section":"Shading Mode"},"sceneLighting":true,"audioPlay":false,"sceneViewState":{"showFog":true,"showMaterialUpdate":false,"showSkybox":true,"showFlares":true,"showImageEffects":true,"showParticleSystems":true},"in2DMode":false,"pivot":{"x":-14.020119667053223,"y":-77.83282470703125,"z":-627.705322265625},"rotation":{"x":0.0009763138950802386,"y":-0.9962054491043091,"z":0.08892115205526352,"w":0.013900726102292538},"size":366.0208740234375,"orthographic":false}