{"cameraMode":{"drawMode":0,"name":"Shaded","section":"Shading Mode"},"sceneLighting":false,"audioPlay":false,"sceneViewState":{"showFog":true,"showMaterialUpdate":false,"showSkybox":false,"showFlares":true,"showImageEffects":true,"showParticleSystems":true},"in2DMode":false,"pivot":{"x":10.0,"y":-7.681013107299805,"z":10.138916969299317},"rotation":{"x":-0.006954082287847996,"y":-0.9257939457893372,"z":0.37810102105140688,"w":-0.016500338912010194},"size":436.9493408203125,"orthographic":false}