{"cameraMode":{"drawMode":0,"name":"Shaded","section":"Shading Mode"},"sceneLighting":true,"audioPlay":false,"sceneViewState":{"showFog":true,"showMaterialUpdate":false,"showSkybox":true,"showFlares":true,"showImageEffects":true,"showParticleSystems":true},"in2DMode":false,"pivot":{"x":-2.5616278648376467,"y":-18.82415771484375,"z":-25.841779708862306},"rotation":{"x":0.015949469059705735,"y":-0.9476224184036255,"z":0.31587091088294985,"w":0.048530612140893939},"size":16.914690017700197,"orthographic":false}