{"cameraMode":{"drawMode":0,"name":"Shaded","section":"Shading Mode"},"sceneLighting":true,"audioPlay":false,"sceneViewState":{"showFog":true,"showMaterialUpdate":false,"showSkybox":true,"showFlares":true,"showImageEffects":true,"showParticleSystems":true},"in2DMode":false,"pivot":{"x":0.348238468170166,"y":-531.2053833007813,"z":-538.1390380859375},"rotation":{"x":0.001537127187475562,"y":-0.9305499196052551,"z":0.3668499290943146,"w":0.004693611524999142},"size":426.86175537109377,"orthographic":false}