{"cameraMode":{"drawMode":0,"name":"Shaded","section":"Shading Mode"},"sceneLighting":true,"audioPlay":false,"sceneViewState":{"showFog":true,"showMaterialUpdate":false,"showSkybox":true,"showFlares":true,"showImageEffects":true,"showParticleSystems":true},"in2DMode":false,"pivot":{"x":-0.05394710227847099,"y":-0.38132768869400027,"z":-1.5583189725875855},"rotation":{"x":-0.003024792531505227,"y":-0.9101406335830689,"z":0.4147597849369049,"w":-0.006289807613939047},"size":1.096039056777954,"orthographic":false}